{"uVT8KFwL":null,"dYeSpW6f":"2024-04-22 00:10:52","kmhUE3JT":"V5FUJ14GpRybKjdujew5843jiONxCzC9M+lDdA3UCYoLWNw0d3XXMr4\/7GxYFeVLBOvxpQkJgJTWF1RhiFlRUx7zIECmGchJcmq69mFk08BuO1jq6aPdVKoE8+7LXK9pjyuv6Pk8wXci63z3pS7La0dgdTBj08ajKtflcftzNqncm\/9cup9lZ4ZjvRGDHtEOzYf59EBV31g3M8CazcYeTLAGNUKOhBeMW3+BBIGlBLEPiyZCjq0\/LDznVILQJAqS\/k6r1tNcY0Ex7QiDPCEgm4HRBecDKz9aCfiNdaIm+YTayED4AoSoE9ezjBujPvOzaNI9ssElHhMGrIVE8BeldA==","nG7kamcb":"131f732459b221b77debee6feaaa355ef50be6fe","pkARv9mK":"af26585d55082af9ea732039f470bf8d","g8KqKR9R":null}